"energy","zcr","peak","dominant_frequency","spectral_centroid","spectral_bandwidth","label"
320304928,0.61084,993,941,1110.153198,535.216858,"bell"
149092336,0.499268,1048,938,1039.310669,551.62146,"bell"
168350320,0.513428,953,941,1013.176208,536.129639,"bell"
269440608,0.606201,1037,938,1101.837769,564.494263,"bell"
224569232,0.525146,1138,942,1044.421997,545.286316,"bell"
79461064,0.513916,795,942,1009.538269,552.72644,"bell"
30903032,0.506348,919,1979,942.685913,597.093323,"bell"
51101936,0.534912,901,1976,994.467285,545.115723,"bell"
46305284,0.480713,610,945,978.584106,556.244446,"bell"
54722900,0.469727,1034,956,994.729797,557.577209,"bell"
238814000,0.663086,935,1988,1111.686157,615.573486,"bell"
204841440,0.624023,867,1993,1067.392578,564.888306,"bell"
216098672,0.5271,938,914,990.487183,542.44043,"bell"
146056928,0.544189,883,912,1020.131836,576.730652,"bell"
154784416,0.557129,891,913,1035.640015,536.777832,"bell"
33467892,0.497803,740,1993,1002.87616,595.902832,"bell"
45589840,0.447266,820,916,928.178162,566.504578,"bell"
21205220,0.472656,523,912,975.358337,577.250854,"bell"
15290459,0.462402,516,34,970.781006,598.504333,"bell"
33860724,0.468262,634,909,933.24939,598.276367,"bell"
365047168,0.660645,1035,1990,1130.796387,570.628784,"bell"
36693120,0.506348,1127,926,1105.07019,559.768494,"bell"
42564536,0.554199,1516,920,1120.768677,557.947693,"bell"
31552576,0.620361,1365,1987,1019.975769,580.390015,"bell"
208514000,0.490234,1011,918,1007.384155,545.195435,"bell"
36284652,0.5625,806,1987,999.143066,612.269287,"bell"
18529252,0.470459,735,917,905.795715,579.291016,"bell"
23030588,0.490479,658,926,988.303833,578.678955,"bell"
19867988,0.485107,503,917,954.969543,579.440369,"bell"
19609956,0.466553,471,922,961.499023,572.60376,"bell"
53180972,0.47583,1087,924,892.653503,557.867493,"bell"
127014752,0.62085,998,1985,999.147095,602.965027,"bell"
39726144,0.566895,899,1981,916.2099,592.590149,"bell"
27509592,0.465332,855,935,818.292786,576.693054,"bell"
48282708,0.447266,1005,931,773.927246,621.090454,"bell"
219221472,0.604248,1136,1983,918.810669,614.309082,"bell"
292444576,0.611084,968,930,1037.561768,571.944214,"bell"
159628320,0.591064,924,936,1089.7948,575.811707,"bell"
238957072,0.628174,975,935,1020.287048,573.707031,"bell"
195222096,0.596191,921,930,1026.016724,556.897156,"bell"
75239376,0.469971,902,938,972.401367,567.017456,"bell"
36275572,0.440674,744,932,946.183533,547.148682,"bell"
16855528,0.446289,505,1983,942.491333,600.526489,"bell"
25567632,0.418945,1317,930,940.468811,571.893494,"bell"
21221952,0.458252,829,1986,944.052795,605.271057,"bell"
68523040,0.571289,570,1987,1024.993774,587.687439,"bell"
76811256,0.635498,750,1985,1059.105469,609.669373,"bell"
303673248,0.656006,1011,1984,1107.943726,581.456665,"bell"
244790640,0.500488,980,930,995.241455,534.521484,"bell"
123618624,0.517578,1048,928,921.030884,577.569763,"bell"
295569984,0.364502,962,931,809.409119,561.858704,"bell"
328040736,0.389893,1010,936,870.391785,584.764099,"bell"
165187040,0.292969,1009,938,877.637207,598.07959,"bell"
207545968,0.453857,980,1985,925.476318,668.717407,"bell"
232959536,0.421387,960,1981,901.253723,651.00708,"bell"
123181696,0.326904,848,941,861.012329,583.249207,"bell"
63732428,0.441406,982,936,956.539185,608.636536,"bell"
43529888,0.423828,975,942,920.882996,589.189087,"bell"
79342720,0.394043,991,1548,844.310425,585.501526,"bell"
85643256,0.455566,845,942,993.444702,561.943115,"bell"
48393800,0.492188,909,944,863.366577,613.338135,"bell"
119635600,0.516602,930,945,1057.97583,550.345398,"bell"
59400048,0.428223,675,945,920.908386,537.761597,"bell"
104889376,0.452148,1001,938,967.082581,542.880005,"bell"
103127864,0.466797,805,938,1031.50354,549.612915,"bell"
19805504,0.407959,559,945,860.599243,608.619568,"bell"
15186180,0.408203,337,942,921.227722,578.061646,"bell"
32460548,0.431885,1215,945,998.59259,580.017578,"bell"
17036008,0.415771,484,946,916.593506,593.243896,"bell"
17286148,0.443604,378,939,938.735168,579.689026,"bell"
28597140,0.505371,1197,1981,941.941895,606.026428,"bell"
17095036,0.484131,315,1982,967.105286,581.578491,"bell"
24062960,0.465576,605,938,983.6474,573.932373,"bell"
39048644,0.493896,1240,940,1048.794434,566.975647,"bell"
25161848,0.531738,661,1982,986.454529,580.992981,"bell"
254297792,0.714355,1000,1982,1181.953491,602.656921,"bell"
148134992,0.579834,959,1979,1085.779663,560.562317,"bell"
129855328,0.620605,863,1979,1091.499756,570.459839,"bell"
280659328,0.721191,947,1981,1155.013794,607.338074,"bell"
360976736,0.690674,969,1981,1061.054932,645.662354,"bell"
293949920,0.531982,986,938,972.009033,595.411133,"bell"
214006272,0.465332,920,935,973.151489,620.001587,"bell"
472446240,0.72583,1058,1986,1107.088013,682.290527,"bell"
217155984,0.549805,893,1982,967.088867,616.301636,"bell"
177271184,0.404053,828,937,902.203247,605.063049,"bell"
47250404,0.307617,581,51,810.390381,614.729553,"bell"
56004052,0.383789,731,1983,873.322083,649.213379,"bell"
54984160,0.35083,1114,50,896.127075,634.014587,"bell"
91177368,0.379395,669,932,863.9021,601.27594,"bell"
40947964,0.314453,619,57,801.551636,593.282837,"bell"
32676812,0.318848,494,925,838.709595,580.239197,"bell"
109023752,0.519775,774,1987,948.38092,610.352661,"bell"
110938784,0.539551,965,1988,973.662048,640.707092,"bell"
47732928,0.386963,586,1989,878.79364,594.649658,"bell"
34320248,0.399658,781,1985,858.345215,583.292297,"bell"
176193600,0.510742,979,1986,998.840942,601.279541,"bell"
287712832,0.668701,968,1986,1082.441895,648.504761,"bell"
325108352,0.590576,1032,1983,1064.226074,605.543213,"bell"
562298496,0.729736,961,1985,1180.163086,670.382446,"bell"
150766800,0.512451,953,931,985.596619,578.206421,"bell"
127510848,0.363281,749,1985,795.566101,625.511536,"bell"
246953312,0.466553,960,1983,902.165588,650.575806,"bell"
279876160,0.549316,1090,1984,932.861694,689.003723,"bell"
303636192,0.486084,1008,1985,891.285156,631.351624,"bell"
186719952,0.407227,848,927,855.769775,628.926025,"bell"
71529432,0.314941,572,441,749.310974,638.998352,"bell"
75168856,0.253662,856,441,712.815369,586.250427,"bell"
92017456,0.262207,658,441,709.672485,617.233154,"bell"
80747264,0.275879,570,442,727.881958,602.69519,"bell"
77377072,0.266113,776,442,723.194336,606.938049,"bell"
194131424,0.253418,866,441,712.803284,578.562805,"bell"
171570784,0.251221,773,441,745.582886,605.47052,"bell"
161761344,0.225586,802,441,669.929871,573.211731,"bell"
170540400,0.22998,810,441,680.241699,579.433899,"bell"
160669920,0.216553,856,441,654.476257,569.907471,"bell"
257164368,0.407715,872,441,850.104004,650.362915,"bell"
339656640,0.503174,918,1978,925.665283,693.413574,"bell"
328374880,0.476807,979,1981,908.622803,629.042786,"bell"
268799584,0.373291,972,441,839.206848,595.947449,"bell"
234553744,0.323242,904,441,780.752014,608.906433,"bell"
12248850,0.445312,857,29,922.300232,596.069885,"clap"
9912776,0.456055,361,295,955.689087,592.452087,"clap"
13218987,0.447266,678,277,931.882812,580.540344,"clap"
21635388,0.341553,1037,258,865.114075,604.051147,"clap"
14098691,0.456543,674,37,914.938599,597.990479,"clap"
17546908,0.448975,1037,43,908.548035,582.555908,"clap"
16275146,0.449707,914,296,1007.00769,598.039856,"clap"
18361948,0.467041,873,1265,970.811523,587.437134,"clap"
24351528,0.438721,989,43,930.715332,597.509949,"clap"
16454846,0.442383,982,65,949.929993,577.565674,"clap"
13769472,0.424561,617,33,904.377136,603.372009,"clap"
32685604,0.39917,975,76,769.516846,630.632446,"clap"
13531007,0.412842,516,59,899.791809,601.974304,"clap"
12900951,0.413818,615,59,927.001343,603.933228,"clap"
12304594,0.416992,846,34,935.974915,620.684875,"clap"
16141386,0.423828,1056,34,916.062683,588.560181,"clap"
16934268,0.440186,762,34,963.040405,580.641479,"clap"
17935568,0.448242,837,34,971.825928,577.749512,"clap"
15597230,0.43335,753,34,957.89801,571.853821,"clap"
15757720,0.443848,973,34,984.43689,606.126099,"clap"
15276283,0.445557,1382,34,933.303284,581.030518,"clap"
16955080,0.447266,902,34,897.597412,584.486572,"clap"
16961868,0.458984,834,34,987.55127,580.682861,"clap"
12729020,0.441406,663,34,912.256836,600.813354,"clap"
14790223,0.453369,696,34,956.579468,600.409058,"clap"
17513300,0.441162,866,34,958.399536,558.243958,"clap"
22517360,0.461426,717,33,952.070801,563.662231,"clap"
25063480,0.474365,694,34,988.403687,572.079224,"clap"
17592080,0.464355,749,34,993.362976,584.48938,"clap"
19723876,0.465088,613,34,994.921509,561.446899,"clap"
19428120,0.436279,937,57,866.50824,595.268372,"clap"
16018615,0.45166,764,46,883.228088,579.387146,"clap"
16621958,0.449951,1516,300,913.80542,577.527771,"clap"
17672880,0.460693,986,57,951.025391,582.024902,"clap"
27157580,0.452881,939,557,914.050171,546.679138,"clap"
12394779,0.440186,866,306,874.769775,582.958618,"clap"
14734917,0.427002,975,62,896.852844,584.111633,"clap"
11276031,0.450928,777,480,900.111938,588.543091,"clap"
19305200,0.447021,935,112,866.716614,586.959473,"clap"
13077403,0.442139,962,33,903.611633,581.350403,"clap"
17742852,0.42627,820,174,982.737732,577.640686,"clap"
35919452,0.398438,1185,167,864.608154,623.575928,"clap"
19918328,0.41748,774,34,953.210144,579.861145,"clap"
19237196,0.409668,833,167,934.813538,571.021179,"clap"
21785128,0.431396,980,115,958.662292,575.886169,"clap"
15026248,0.415527,561,64,948.918335,603.39502,"clap"
35303664,0.39917,1273,167,816.178833,582.848083,"clap"
12866670,0.407715,390,34,912.611267,605.013977,"clap"
35071488,0.388428,962,85,792.467224,586.161804,"clap"
12433532,0.421387,729,34,922.241333,590.397583,"clap"
20958748,0.423828,1014,1573,986.637756,569.727722,"clap"
21429304,0.413818,973,1554,1020.352112,558.835815,"clap"
20981028,0.405029,1032,79,897.561401,589.737,"clap"
21702232,0.418457,1024,1549,934.583923,584.508179,"clap"
21475928,0.44873,967,1569,1022.539612,560.122559,"clap"
30380324,0.424561,958,1570,945.235779,602.283997,"clap"
32561196,0.44458,891,173,951.048584,596.642944,"clap"
25596072,0.4375,987,1580,996.703857,591.61261,"clap"
22813108,0.412109,970,165,892.510498,600.040283,"clap"
13783444,0.42041,670,1555,926.92865,606.321167,"clap"
20183116,0.383789,883,167,949.399048,578.803711,"clap"
16719025,0.367676,1001,81,848.297485,587.396545,"clap"
21202544,0.395264,1006,34,908.881653,574.563782,"clap"
29281712,0.327881,478,46,820.628235,605.412964,"clap"
26313052,0.311768,698,164,886.755737,599.201782,"clap"
26205936,0.352783,953,142,749.037659,590.280762,"clap"
16574559,0.330566,803,79,871.248108,606.392944,"clap"
29759444,0.294434,753,145,816.891968,577.206116,"clap"
24818380,0.282715,624,157,795.342102,575.924377,"clap"
21259488,0.314209,479,157,835.739258,583.464966,"clap"
17168168,0.406982,753,947,951.036682,575.764282,"clap"
23304756,0.428955,837,947,970.332214,571.398926,"clap"
24667944,0.427002,1040,947,958.787781,565.394226,"clap"
26741944,0.416504,999,947,968.736511,572.598145,"clap"
24932080,0.418701,996,34,970.353455,575.132751,"clap"
14943081,0.407471,544,947,926.271423,586.254028,"clap"
20030160,0.410645,1232,947,931.232239,571.916565,"clap"
15068946,0.426758,487,947,958.046448,591.104309,"clap"
18251256,0.425537,778,34,962.884949,569.527527,"clap"
18511860,0.406006,908,947,958.418579,575.422485,"clap"
35768300,0.272217,481,58,789.694458,614.24231,"clap"
36244744,0.263184,912,53,792.364502,599.297913,"clap"
35699060,0.24585,913,55,806.595337,632.464478,"clap"
30771532,0.272949,630,52,799.703552,591.358643,"clap"
33168516,0.266602,664,54,787.406006,602.00238,"clap"
42203936,0.26001,952,51,837.787659,605.320251,"clap"
35860028,0.276611,887,54,846.736877,601.755249,"clap"
36058992,0.228271,778,54,803.90387,604.344482,"clap"
40691636,0.26001,994,52,843.005676,597.143799,"clap"
37511644,0.283936,877,55,832.261597,598.240784,"clap"
35564960,0.32666,868,592,903.706848,587.47699,"clap"
27111784,0.312988,1118,592,883.855591,581.503845,"clap"
29227340,0.306885,799,272,862.174927,584.995789,"clap"
38037592,0.326172,763,168,903.806396,580.924194,"clap"
41963976,0.300293,1030,25,869.444519,582.166626,"clap"
32335268,0.307129,830,281,857.385925,579.541931,"clap"
33993248,0.305664,612,442,845.405945,585.268677,"clap"
33547600,0.290039,1292,442,801.059631,559.231262,"clap"
23659856,0.30127,1063,592,854.914429,592.368896,"clap"
29753320,0.315918,555,592,817.972656,568.535583,"clap"
70378096,0.206787,840,441,698.781799,600.934631,"clap"
67263304,0.202393,740,441,699.817505,594.054504,"clap"
69651968,0.202393,772,441,701.887817,594.456665,"clap"
70318880,0.201904,1460,442,721.460449,601.956543,"clap"
64572448,0.20874,608,442,670.768921,594.934692,"clap"
68533488,0.219971,574,442,726.024414,594.395386,"clap"
71404936,0.219482,953,442,734.46228,579.255676,"clap"
64624392,0.213379,554,442,730.567566,610.295959,"clap"
72811104,0.217529,921,442,808.962402,636.196533,"clap"
66077632,0.218018,744,442,715.260132,590.026917,"clap"
154497440,0.228027,951,441,711.24353,576.630554,"clap"
153085536,0.21875,1019,441,701.675659,581.135071,"clap"
176707984,0.226562,1092,441,704.041809,601.440186,"clap"
157346128,0.221924,1013,441,703.05896,570.651428,"clap"
151714288,0.224121,1259,441,691.472473,569.332336,"clap"
160936336,0.218994,633,441,656.173706,570.653931,"clap"
161098656,0.217529,645,441,666.286499,560.911804,"clap"
163763872,0.21582,1048,441,654.38324,573.741272,"clap"
164359568,0.217041,635,441,671.216919,576.357544,"clap"
158025200,0.217041,966,441,682.455444,581.21521,"clap"
31816928,0.392334,812,586,827.182068,558.473816,"snap"
51815408,0.407471,779,544,856.801697,531.037537,"snap"
35090072,0.419922,742,123,913.582275,579.803101,"snap"
52954992,0.407227,1257,778,832.901245,550.370239,"snap"
62443064,0.375732,653,1,793.746216,558.567322,"snap"
29705332,0.385986,1031,117,722.414612,584.313049,"snap"
13986710,0.444092,791,40,917.091064,578.019592,"snap"
13914978,0.44751,802,581,898.538818,576.095825,"snap"
24555896,0.427734,993,39,842.346313,567.149658,"snap"
13693029,0.416016,781,118,867.187317,592.504089,"snap"
27930720,0.384766,896,33,828.914001,551.01416,"snap"
27455600,0.383301,591,34,817.540588,567.065552,"snap"
25528820,0.403076,758,34,877.584167,564.796936,"snap"
34567988,0.399902,721,732,817.072266,563.321167,"snap"
35976224,0.405029,997,130,842.289856,566.962402,"snap"
18754456,0.401123,962,66,837.788025,612.753418,"snap"
12938867,0.417969,803,34,888.203796,594.850891,"snap"
13752743,0.429199,706,34,896.398254,590.442078,"snap"
19076864,0.406738,902,47,838.623962,592.243469,"snap"
15115096,0.403076,1516,34,875.063171,589.605957,"snap"
46070464,0.400391,979,498,810.540771,537.161377,"snap"
42286928,0.402344,913,496,819.425232,550.37616,"snap"
66362012,0.364014,841,132,772.371338,557.607117,"snap"
37219788,0.41333,612,740,862.486145,563.560486,"snap"
39730128,0.406006,784,34,848.150391,551.55249,"snap"
14857787,0.434082,760,34,871.582642,559.965881,"snap"
16176367,0.433838,751,34,876.026489,573.574463,"snap"
16042313,0.433105,731,34,875.46582,563.6745,"snap"
13920165,0.456299,890,34,888.366882,585.70929,"snap"
16345785,0.430908,816,34,889.421204,573.377258,"snap"
15555297,0.408936,1008,97,840.304504,565.448364,"snap"
16248629,0.420166,894,481,869.435913,557.381531,"snap"
27467288,0.400635,1005,48,769.873901,574.894287,"snap"
14682798,0.447021,1008,275,848.823853,588.521729,"snap"
21112100,0.398926,1513,119,766.836609,581.055481,"snap"
56918668,0.391357,992,127,782.334106,543.134583,"snap"
55182124,0.412598,949,479,853.86322,543.703491,"snap"
57429424,0.362061,886,458,736.965576,530.167603,"snap"
64278216,0.379883,977,500,798.430054,539.79071,"snap"
35428220,0.387207,1519,148,808.153259,562.033752,"snap"
17578468,0.399414,855,111,895.80835,587.139832,"snap"
24959624,0.358154,969,83,804.692444,596.384277,"snap"
14983610,0.381592,672,111,895.425964,588.017639,"snap"
13795279,0.414551,681,167,893.801697,583.879578,"snap"
15258165,0.386963,696,125,870.164246,589.977661,"snap"
25954540,0.389404,863,34,868.246826,557.65918,"snap"
45804688,0.374268,872,102,814.875122,581.704041,"snap"
107217272,0.356201,1012,486,781.622498,527.626953,"snap"
26753620,0.410645,694,613,882.963379,566.610474,"snap"
108338672,0.297363,1583,137,676.150879,568.696289,"snap"
35670380,0.375244,1043,498,892.554749,552.173889,"snap"
40776928,0.416748,1026,113,924.6203,567.221802,"snap"
43737804,0.374756,978,500,836.312622,558.159302,"snap"
49563472,0.369873,988,131,853.323425,563.377563,"snap"
81709464,0.375977,998,653,884.783813,543.05426,"snap"
36654988,0.394043,964,111,864.283386,545.039429,"snap"
29346840,0.395996,908,111,901.456421,543.933838,"snap"
44637244,0.384033,1019,111,881.13501,559.843506,"snap"
38406024,0.373535,1031,111,858.512817,546.325012,"snap"
27754724,0.385254,987,110,914.507629,548.048645,"snap"
13997920,0.42334,582,110,888.675232,588.123962,"snap"
17132464,0.383057,1090,110,825.806885,566.53656,"snap"
16032571,0.391113,1187,84,830.358093,574.822998,"snap"
14661059,0.397705,423,118,870.594971,588.292053,"snap"
14353595,0.396729,490,32,856.894165,587.57489,"snap"
40161260,0.375732,709,245,827.982788,553.893738,"snap"
35534604,0.368652,1091,118,817.775757,550.256104,"snap"
72353968,0.345459,820,244,788.543335,514.656555,"snap"
39262924,0.373779,778,118,796.933167,564.650269,"snap"
35112396,0.36499,673,110,787.083679,564.009521,"snap"
17224280,0.397949,955,947,879.133728,573.020935,"snap"
16551460,0.422119,933,947,914.699097,565.819031,"snap"
19276716,0.38623,1146,948,890.313416,577.037598,"snap"
23467132,0.378906,946,947,857.405518,563.219055,"snap"
20553140,0.411133,1029,947,872.378784,570.847229,"snap"
53435436,0.373047,1254,947,807.676208,550.514771,"snap"
47257408,0.36377,889,947,843.555786,583.079712,"snap"
67566448,0.365479,879,591,806.66925,526.266602,"snap"
62167492,0.356201,1045,354,780.099365,567.170532,"snap"
75336192,0.369385,773,947,757.707764,518.027832,"snap"
64535372,0.283447,994,52,766.754578,529.947693,"snap"
75264272,0.266113,854,26,737.165039,538.906982,"snap"
62140876,0.306152,961,57,765.536377,525.068604,"snap"
77512928,0.27832,902,32,731.770752,562.12854,"snap"
64828624,0.282227,845,27,739.439148,554.418457,"snap"
39449680,0.264404,1033,51,772.432251,606.657654,"snap"
34697624,0.247559,648,54,750.57782,591.789307,"snap"
44543500,0.270752,791,51,765.431152,573.299316,"snap"
41229052,0.265381,909,51,723.56311,562.052307,"snap"
37357380,0.241455,861,53,740.799927,582.915833,"snap"
31212692,0.286865,721,592,789.076904,569.324951,"snap"
29194860,0.279297,851,592,751.591797,550.693359,"snap"
27806616,0.286133,716,273,791.141724,572.984558,"snap"
35016032,0.298584,777,25,767.13269,552.81665,"snap"
42690568,0.310791,1133,262,750.857666,547.654419,"snap"
83429584,0.304688,816,98,727.652649,528.270081,"snap"
101263456,0.300293,1014,500,718.523499,504.91153,"snap"
134581584,0.273926,879,481,713.682068,483.0354,"snap"
73988896,0.313965,1071,263,754.881165,535.882996,"snap"
44470264,0.314209,752,274,790.10199,541.556458,"snap"
85579184,0.233887,1264,442,704.583374,570.710754,"snap"
108919720,0.218994,989,441,674.667786,569.938721,"snap"
99073488,0.223145,1067,442,698.989502,561.009033,"snap"
92651296,0.233398,911,441,674.233521,543.084473,"snap"
78397568,0.227295,613,441,695.549011,573.319092,"snap"
62580620,0.217285,577,442,671.44519,587.450073,"snap"
66363776,0.216064,607,442,656.224976,571.666199,"snap"
58126536,0.213135,446,441,656.458557,588.003235,"snap"
66453404,0.203125,687,442,668.354187,575.627441,"snap"
69218968,0.196533,634,442,635.931824,569.986023,"snap"
167967360,0.217041,754,441,643.868652,555.27594,"snap"
159669856,0.213867,674,441,624.321106,544.800842,"snap"
166413616,0.214355,708,441,627.19635,554.993103,"snap"
154104032,0.220703,753,441,652.277771,560.786316,"snap"
155372672,0.219482,908,441,663.110107,552.091736,"snap"
196169392,0.235107,1026,441,654.534607,513.459045,"snap"
190226224,0.23999,991,441,681.860657,526.238953,"snap"
169260592,0.230957,791,441,682.602539,554.233459,"snap"
190556304,0.221191,748,441,691.435852,564.46405,"snap"
181507344,0.244629,781,441,700.165405,536.992859,"snap"
51958280,0.417725,1088,396,907.13446,585.726868,"door"
61086376,0.435059,1174,1042,931.097717,567.77948,"door"
69155736,0.450439,863,846,952.883545,564.756653,"door"
78238816,0.458496,1087,1082,986.911011,564.579529,"door"
63060352,0.432373,951,83,925.655518,570.989319,"door"
36241204,0.432617,908,35,885.616333,582.690979,"door"
27725968,0.466064,850,33,978.068665,582.855957,"door"
17110836,0.432129,799,38,901.678833,593.041565,"door"
22998900,0.4646,641,37,969.293274,598.919922,"door"
30507864,0.447998,981,130,945.348083,594.395447,"door"
57804460,0.459961,1065,1090,989.666626,540.310852,"door"
59442752,0.44873,943,708,907.143921,563.624268,"door"
74162672,0.453613,920,929,966.105225,581.390991,"door"
63522564,0.470459,997,854,1019.352905,558.81604,"door"
67736608,0.441406,833,1149,942.313721,571.544495,"door"
42610768,0.450684,1012,1087,990.167175,539.93689,"door"
22527744,0.446777,730,45,915.050171,587.286072,"door"
23828260,0.450195,746,34,961.620361,584.585999,"door"
24913128,0.44165,1050,33,985.115051,584.545105,"door"
19048012,0.454102,705,34,965.43042,588.246582,"door"
24831816,0.356689,705,27,902.516541,610.078186,"door"
30709132,0.352783,661,33,855.729431,602.218079,"door"
22852800,0.366455,454,31,897.550476,622.230286,"door"
24913368,0.407471,876,22,951.823364,594.376892,"door"
27664700,0.436768,1042,34,956.755127,566.361633,"door"
55424304,0.432373,995,819,976.943787,564.525269,"door"
57853000,0.46167,1094,33,976.625488,586.679565,"door"
56730100,0.441895,920,34,933.624695,581.649048,"door"
62984772,0.468262,890,1032,1001.250122,573.205994,"door"
66928808,0.462158,1002,620,984.817932,594.939087,"door"
61697192,0.399414,1024,38,916.248413,594.128784,"door"
83564240,0.452393,915,125,945.790222,567.71875,"door"
53524016,0.429932,929,34,916.156677,578.30957,"door"
83413264,0.444336,970,180,925.843628,587.31311,"door"
53876312,0.417969,1071,1092,919.930054,563.979248,"door"
35706196,0.467285,1516,415,978.464905,592.926331,"door"
25905752,0.456787,951,19,903.095947,590.397522,"door"
42933460,0.436035,1035,100,919.741516,594.314941,"door"
18720992,0.456055,935,41,907.045776,597.072632,"door"
44260728,0.42041,974,177,908.973267,569.529968,"door"
70773296,0.40332,1083,870,878.862,565.934631,"door"
64024996,0.4021,1122,121,938.611023,577.552917,"door"
69636672,0.398682,988,111,903.723816,598.525269,"door"
75872328,0.415771,997,110,917.885254,567.126587,"door"
63971560,0.41333,962,110,922.397278,591.70697,"door"
34773644,0.420654,866,70,956.621704,580.788513,"door"
42019688,0.397949,897,114,883.404846,584.892761,"door"
44151404,0.408203,836,110,902.018127,582.54126,"door"
58699764,0.36499,1057,71,845.917358,582.595154,"door"
36166656,0.4021,770,110,884.89563,597.065552,"door"
42979620,0.443604,1087,1999,1024.9823,568.638428,"door"
16363654,0.427246,1048,110,916.463074,574.518738,"door"
17074248,0.421143,744,49,945.853394,574.091553,"door"
16775760,0.415283,632,958,906.071045,586.984863,"door"
30106760,0.410645,891,65,943.737488,575.273315,"door"
48082804,0.434082,725,850,953.326355,557.648499,"door"
55244312,0.440918,867,1030,934.125977,546.742615,"door"
79008392,0.483154,985,1090,965.625977,576.973267,"door"
51476260,0.438721,757,979,957.818054,576.739929,"door"
69704064,0.495361,968,674,977.64917,583.784973,"door"
59483048,0.431641,1018,33,974.021851,594.073547,"door"
56767876,0.430664,958,226,956.780762,598.008972,"door"
81448896,0.422607,942,674,945.015442,556.862305,"door"
49146016,0.405518,922,118,908.333191,567.217163,"door"
57794576,0.421143,990,446,938.841614,582.761597,"door"
29500548,0.237549,577,117,928.824707,611.049927,"door"
40026848,0.24707,868,116,907.122498,590.407227,"door"
63418648,0.274414,1004,117,887.33252,559.581604,"door"
27732332,0.33667,683,107,797.959717,585.715759,"door"
18522580,0.413086,471,33,905.874268,591.376465,"door"
56694068,0.421387,1106,946,954.869141,573.084045,"door"
72775808,0.414062,949,946,896.728027,576.017578,"door"
66699872,0.453613,1168,674,1009.542603,563.290588,"door"
81268520,0.4729,1155,946,986.385681,568.613892,"door"
70597488,0.419434,1033,33,944.932129,574.116272,"door"
35453436,0.423096,851,710,988.414978,558.03186,"door"
27741292,0.421875,1115,947,954.281738,576.959595,"door"
43978168,0.402832,961,947,968.711426,559.69458,"door"
31904244,0.42627,667,34,951.826172,585.061707,"door"
29095056,0.431641,635,947,954.818604,580.214233,"door"
103358160,0.335449,1200,56,873.764893,574.800354,"door"
79285552,0.365723,892,56,891.983459,584.694763,"door"
77342104,0.389893,974,52,921.611084,603.574707,"door"
88996832,0.344482,999,55,899.500854,603.415344,"door"
108731000,0.366211,1200,52,872.079651,569.2677,"door"
58399144,0.29541,692,50,836.389709,586.278442,"door"
63840796,0.30835,875,32,875.379517,593.236328,"door"
77227232,0.308838,969,54,876.918823,591.443481,"door"
58955968,0.32959,998,52,917.746033,582.230042,"door"
50661936,0.310547,617,25,834.359009,597.376465,"door"
38706240,0.331787,538,441,867.162231,579.372192,"door"
60677056,0.351562,967,441,885.228699,547.838928,"door"
51489852,0.373291,1011,168,1004.146667,577.345215,"door"
41674684,0.33374,647,261,866.937317,580.523987,"door"
45584056,0.334473,736,25,864.324036,587.483704,"door"
99015872,0.38916,943,25,911.719788,570.708435,"door"
108437376,0.380859,993,55,844.093628,585.356323,"door"
106910648,0.42627,1009,26,922.854431,556.753845,"door"
87492016,0.377686,974,441,919.943604,589.819214,"door"
47744808,0.397461,1017,26,1009.240051,584.894958,"door"
105722952,0.299316,1067,441,852.967712,611.579224,"door"
116813552,0.302002,846,441,862.59259,618.686462,"door"
116804480,0.320312,995,442,906.066528,613.660522,"door"
115964584,0.309326,892,442,848.206116,600.001099,"door"
108066880,0.28833,899,441,831.501282,600.681396,"door"
75154112,0.226074,630,441,729.37616,593.304993,"door"
69028784,0.23584,1514,441,766.225769,598.382935,"door"
75212760,0.253662,793,441,772.821167,613.9823,"door"
86506752,0.256348,764,441,837.776611,629.242981,"door"
73874808,0.232422,625,441,737.198181,601.606934,"door"
172595648,0.232422,751,441,750.319092,604.901306,"door"
182661728,0.238037,976,441,732.598877,575.190308,"door"
169446528,0.236816,724,441,721.353027,579.568848,"door"
177106560,0.227051,1036,441,732.295776,568.07019,"door"
187876000,0.233887,1009,441,759.139893,586.890808,"door"
181200832,0.268066,976,441,804.439148,570.095764,"door"
146938480,0.293701,1018,441,826.176392,583.121704,"door"
119208824,0.272949,910,441,828.183899,567.189209,"door"
211827520,0.264893,1014,441,801.204712,586.321472,"door"
166030752,0.284424,809,441,848.215332,599.546875,"door"
218998752,0.506348,934,1750,1091.602173,600.303528,"whistle"
82384856,0.514404,919,1828,1140.09375,601.350464,"whistle"
31766096,0.542725,691,1918,1079.988281,647.52655,"whistle"
79418432,0.533447,949,1738,1159.287476,628.106384,"whistle"
148837776,0.502686,948,1924,1163.48645,611.796997,"whistle"
260768736,0.416992,1072,498,899.150818,604.302795,"whistle"
219602320,0.481689,971,1752,1068.014893,600.418884,"whistle"
195712784,0.453857,974,1762,1037.050903,610.61792,"whistle"
181560496,0.500244,1026,1930,1120.964233,606.404785,"whistle"
213672944,0.457764,985,1939,1050.163452,601.792725,"whistle"
115642384,0.48291,780,1922,1100.26355,618.036682,"whistle"
87980504,0.495117,713,1915,1114.43457,627.258362,"whistle"
65114968,0.506836,627,1717,1130.02124,614.224121,"whistle"
42299336,0.50415,497,52,1114.122437,638.381104,"whistle"
115792080,0.510742,909,1912,1198.261597,625.476257,"whistle"
239746016,0.449219,967,527,1047.482178,584.499695,"whistle"
214173456,0.452393,962,524,1017.028687,598.377319,"whistle"
177397232,0.463135,947,529,999.631531,590.169922,"whistle"
223248080,0.4375,1040,525,1047.852539,585.413574,"whistle"
253160816,0.499268,990,1741,1209.930176,594.023376,"whistle"
259634064,0.583984,1001,1742,1325.974609,516.927734,"whistle"
47661688,0.500244,888,1919,1095.605835,574.592285,"whistle"
37796416,0.522705,740,1743,1129.704712,588.294006,"whistle"
47527456,0.51709,761,1741,1150.225586,592.961121,"whistle"
34623372,0.530273,575,1805,1138.373657,599.552917,"whistle"
316388768,0.57251,1002,1745,1286.13916,558.483398,"whistle"
226331024,0.529541,983,1745,1134.403687,580.639893,"whistle"
187321760,0.530029,994,1729,1139.349487,598.652466,"whistle"
188058464,0.517822,1049,1748,1147.12146,565.641663,"whistle"
189271040,0.545654,966,1746,1223.247192,559.617188,"whistle"
217414512,0.433594,983,530,993.772949,622.640625,"whistle"
164016016,0.488525,991,1740,1135.541992,611.346313,"whistle"
208442704,0.513916,1056,1734,1172.669312,590.215759,"whistle"
177110768,0.493652,980,1916,1072.762207,584.765076,"whistle"
201146672,0.496338,1185,1724,1134.40918,595.272034,"whistle"
93659360,0.531006,827,1916,1189.327637,626.152527,"whistle"
171418176,0.503174,960,1741,1143.475464,597.053528,"whistle"
126901968,0.545654,1261,1742,1230.656616,607.590515,"whistle"
37332512,0.521484,929,1740,1117.959473,645.500977,"whistle"
141664560,0.538574,1035,1742,1219.156372,618.073547,"whistle"
244834080,0.522949,1041,1719,1204.119995,575.990234,"whistle"
141339888,0.474854,991,1737,1094.398071,598.212219,"whistle"
167506896,0.475342,989,1738,1068.4646,605.010132,"whistle"
141444272,0.539795,993,1737,1226.505371,604.491943,"whistle"
287125312,0.445068,1018,526,1085.997559,589.75116,"whistle"
275891296,0.44751,1074,1725,1103.378174,596.825073,"whistle"
22742960,0.473389,617,111,1054.821167,623.322693,"whistle"
24536456,0.465332,536,1814,1045.019531,624.187439,"whistle"
47535692,0.484375,801,1912,1108.432983,629.756653,"whistle"
34234196,0.476318,762,1777,1039.608154,627.567444,"whistle"
80690240,0.461426,966,110,1074.210815,604.315613,"whistle"
129277800,0.431396,983,111,1019.724731,596.722778,"whistle"
162153968,0.442871,949,1808,1072.952515,654.428162,"whistle"
155782496,0.509033,882,1745,1166.19397,634.881714,"whistle"
53029680,0.457031,899,111,983.392273,601.714539,"whistle"
242511536,0.477783,989,1746,1091.832153,594.867798,"whistle"
243006416,0.492188,1114,1747,1138.843018,597.526855,"whistle"
324980640,0.485107,999,1749,1247.55542,584.722107,"whistle"
248868336,0.490967,969,1758,1150.322388,626.826233,"whistle"
223527088,0.449707,951,544,978.556885,613.349365,"whistle"
56394260,0.362061,573,150,1059.993408,633.490356,"whistle"
68911176,0.4375,828,146,1126.133057,633.964905,"whistle"
169206528,0.481445,980,1924,1153.296387,593.183411,"whistle"
29254040,0.453857,457,147,1026.741089,621.901611,"whistle"
42992384,0.427734,480,146,1030.782593,624.022522,"whistle"
187018064,0.428467,1004,531,980.10144,619.914185,"whistle"
178877328,0.467041,988,1741,1104.884888,606.711731,"whistle"
206744304,0.475586,1004,1930,1059.888428,605.509216,"whistle"
154234112,0.47998,1000,1753,1103.662109,603.997742,"whistle"
180158496,0.49292,1015,1791,1112.530029,624.276978,"whistle"
90113616,0.469482,913,946,1154.405762,579.869812,"whistle"
110205544,0.523926,843,1750,1187.430054,605.410095,"whistle"
121666160,0.531006,989,1793,1221.054321,547.899109,"whistle"
109051264,0.447021,821,536,1024.449951,614.42981,"whistle"
103862744,0.531738,976,1932,1260.851562,584.872009,"whistle"
188977760,0.528076,980,1934,1212.860229,595.693848,"whistle"
185207328,0.511475,968,1801,1151.615234,570.243835,"whistle"
228703536,0.507324,968,1755,1134.100342,552.775391,"whistle"
246445104,0.504883,1161,1937,1159.139648,608.156921,"whistle"
217614080,0.523438,1062,1744,1155.937256,583.660767,"whistle"
84679104,0.371338,649,441,1019.600891,656.947815,"whistle"
183291680,0.455078,976,56,1150.240601,621.195496,"whistle"
256747808,0.435303,1041,52,1167.466431,642.27417,"whistle"
214996608,0.426025,1072,53,1138.487549,635.404236,"whistle"
86820576,0.392578,738,53,1056.543335,634.965271,"whistle"
203636160,0.400391,1188,54,1057.130249,596.605103,"whistle"
310236832,0.467773,987,1744,1226.028687,606.843506,"whistle"
256904480,0.368652,981,519,1035.873657,616.735229,"whistle"
233116880,0.392334,971,55,1059.672119,588.808228,"whistle"
185563328,0.367188,1121,56,1020.797119,605.959717,"whistle"
363777184,0.480469,1009,1745,1286.814087,562.324768,"whistle"
191089584,0.458984,945,1742,1118.377075,608.762512,"whistle"
307848288,0.462646,994,1745,1177.153442,587.072937,"whistle"
212559808,0.45459,961,1743,1129.546631,599.923889,"whistle"
203350608,0.44751,939,1743,1123.04187,593.828491,"whistle"
100857576,0.41748,896,271,1081.790771,600.598999,"whistle"
109040200,0.446777,893,1744,1156.545044,607.736816,"whistle"
190771760,0.383545,899,1746,1061.113403,556.616577,"whistle"
294497536,0.491699,999,1744,1276.125,559.269226,"whistle"
96631624,0.408691,758,1740,1037.106934,607.028381,"whistle"
78793384,0.270752,633,442,818.200928,643.494324,"whistle"
83917024,0.294922,815,442,892.934265,655.674377,"whistle"
112005968,0.342041,802,442,1047.155273,672.656616,"whistle"
126191936,0.349121,900,442,1024.471924,680.004456,"whistle"
72435576,0.287354,722,442,886.742126,671.871155,"whistle"
208025248,0.384277,1078,441,1081.484009,632.643555,"whistle"
217453536,0.35791,965,442,1011.69812,631.054504,"whistle"
200652976,0.386719,936,442,1045.275635,620.342957,"whistle"
225178144,0.392822,974,442,1060.541626,619.871643,"whistle"
228814864,0.351074,946,441,1036.010742,659.323425,"whistle"
258603072,0.41626,973,441,1117.012085,642.56366,"whistle"
286816448,0.370361,984,441,989.14917,614.900818,"whistle"
253037344,0.324707,1116,441,913.767761,632.878418,"whistle"
283123808,0.366211,1189,441,1007.152344,620.55957,"whistle"
273054048,0.378662,1102,441,978.81543,622.056213,"whistle"
263307536,0.322998,1055,441,977.238281,661.182495,"whistle"
229669760,0.297607,918,441,946.150269,648.512207,"whistle"
189185216,0.247314,862,441,803.514099,643.708862,"whistle"
230910096,0.327881,937,441,988.783386,642.501648,"whistle"
218816736,0.327637,891,441,1012.381226,656.081421,"whistle"
